,model,unbalance_category,unbalance_method,balance_data_time,TP,FP,FN,TN,ACC,PRE,RECALL,F1,AUC,MCC,G_measure
0,SVC,None,None,None,1061,54,0,0,0.952,0.952,1.0,0.975,0.5,0.0,0.975
1,SVC,over_sampler,SMOTEN,2179,518,79,543,982,0.707,0.868,0.488,0.625,0.707,0.46,0.651
2,SVC,over_sampler,KMeansSMOTE,0,1061,54,0,0,0.952,0.952,1.0,0.975,0.5,0.0,0.975
3,SVC,over_sampler,RandomOverSampler,1,618,388,443,673,0.608,0.614,0.582,0.598,0.608,0.217,0.598
4,SVC,over_sampler,SMOTE,3,605,354,456,707,0.618,0.631,0.57,0.599,0.618,0.238,0.6
5,SVC,over_sampler,BorderlineSMOTE,6,717,376,344,685,0.661,0.656,0.676,0.666,0.661,0.322,0.666
6,SVC,over_sampler,ADASYN,5,582,343,479,704,0.61,0.629,0.549,0.586,0.61,0.223,0.587
7,SVC,over_sampler,SMOTENC,111,631,388,430,673,0.615,0.619,0.595,0.607,0.615,0.229,0.607
8,SVC,over_sampler,SVMSMOTE,18,1061,526,0,0,0.669,0.669,1.0,0.801,0.5,0.0,0.818
9,SVC,under_sampler,ClusterCentroids,19,1032,475,29,47,0.682,0.685,0.973,0.804,0.531,0.138,0.816
10,SVC,under_sampler,RandomUnderSampler,18,792,273,269,470,0.7,0.744,0.746,0.745,0.69,0.379,0.745
11,SVC,under_sampler,NearMiss,19,798,243,263,402,0.703,0.767,0.752,0.759,0.688,0.373,0.759
12,SVC,under_sampler,TomekLinks,19,799,270,262,386,0.69,0.747,0.753,0.75,0.671,0.342,0.75
13,SVC,under_sampler,EditedNearestNeighbours,18,804,255,257,338,0.69,0.759,0.758,0.758,0.664,0.328,0.758
14,SVC,under_sampler,RepeatedEditedNearestNeighbours,21,801,258,260,448,0.707,0.756,0.755,0.756,0.695,0.389,0.756
15,SVC,under_sampler,AllKNN,18,980,462,81,68,0.659,0.68,0.924,0.783,0.526,0.084,0.792
16,SVC,under_sampler,CondensedNearestNeighbour,18,1061,329,0,0,0.763,0.763,1.0,0.866,0.5,0.0,0.874
17,SVC,under_sampler,OneSidedSelection,18,802,270,259,406,0.695,0.748,0.756,0.752,0.678,0.358,0.752
18,SVC,under_sampler,NeighbourhoodCleaningRule,17,1061,346,0,0,0.754,0.754,1.0,0.86,0.5,0.0,0.868
19,SVC,under_sampler,InstanceHardnessThreshold,21,786,275,275,489,0.699,0.741,0.741,0.741,0.69,0.381,0.741
20,SVC,combine_sampler,SMOTEENN,18,1031,474,30,36,0.679,0.685,0.972,0.804,0.521,0.099,0.816
21,SVC,combine_sampler,SMOTETomek,18,1061,423,0,0,0.715,0.715,1.0,0.834,0.5,0.0,0.846
22,RandomForestClassifier,None,None,None,1057,10,4,44,0.987,0.991,0.996,0.993,0.906,0.858,0.993
23,RandomForestClassifier,over_sampler,SMOTEN,2145,1057,29,4,1032,0.984,0.973,0.996,0.985,0.984,0.969,0.985
24,RandomForestClassifier,over_sampler,KMeansSMOTE,0,1057,12,4,42,0.986,0.989,0.996,0.992,0.887,0.835,0.992
25,RandomForestClassifier,over_sampler,RandomOverSampler,1,1057,0,4,1061,0.998,1.0,0.996,0.998,0.998,0.996,0.998
26,RandomForestClassifier,over_sampler,SMOTE,3,1058,7,3,1054,0.995,0.993,0.997,0.995,0.995,0.991,0.995
27,RandomForestClassifier,over_sampler,BorderlineSMOTE,7,1058,6,3,1055,0.996,0.994,0.997,0.996,0.996,0.992,0.996
28,RandomForestClassifier,over_sampler,ADASYN,4,1060,6,1,1041,0.997,0.994,0.999,0.997,0.997,0.993,0.997
29,RandomForestClassifier,over_sampler,SMOTENC,106,1059,5,2,1056,0.997,0.995,0.998,0.997,0.997,0.993,0.997
30,RandomForestClassifier,over_sampler,SVMSMOTE,18,1056,7,5,453,0.992,0.993,0.995,0.994,0.99,0.981,0.994
31,RandomForestClassifier,under_sampler,ClusterCentroids,18,1058,8,3,572,0.993,0.992,0.997,0.995,0.992,0.985,0.995
32,RandomForestClassifier,under_sampler,RandomUnderSampler,18,1059,8,2,376,0.993,0.993,0.998,0.995,0.989,0.982,0.995
33,RandomForestClassifier,under_sampler,NearMiss,18,1058,8,3,461,0.993,0.992,0.997,0.995,0.99,0.983,0.995
34,RandomForestClassifier,under_sampler,TomekLinks,21,1057,7,4,418,0.993,0.993,0.996,0.995,0.99,0.982,0.995
35,RandomForestClassifier,under_sampler,EditedNearestNeighbours,20,1057,9,4,535,0.992,0.992,0.996,0.994,0.99,0.982,0.994
36,RandomForestClassifier,under_sampler,RepeatedEditedNearestNeighbours,19,1057,7,4,733,0.994,0.993,0.996,0.995,0.993,0.987,0.995
37,RandomForestClassifier,under_sampler,AllKNN,17,1058,7,3,441,0.993,0.993,0.997,0.995,0.991,0.984,0.995
38,RandomForestClassifier,under_sampler,CondensedNearestNeighbour,20,1056,9,5,607,0.992,0.992,0.995,0.993,0.99,0.982,0.993
39,RandomForestClassifier,under_sampler,OneSidedSelection,21,1058,7,3,616,0.994,0.993,0.997,0.995,0.993,0.987,0.995
40,RandomForestClassifier,under_sampler,NeighbourhoodCleaningRule,17,1058,8,3,644,0.994,0.992,0.997,0.995,0.992,0.986,0.995
41,RandomForestClassifier,under_sampler,InstanceHardnessThreshold,18,1058,8,3,466,0.993,0.992,0.997,0.995,0.99,0.983,0.995
42,RandomForestClassifier,combine_sampler,SMOTEENN,20,1058,7,3,835,0.995,0.993,0.997,0.995,0.994,0.989,0.995
43,RandomForestClassifier,combine_sampler,SMOTETomek,18,1058,7,3,598,0.994,0.993,0.997,0.995,0.993,0.987,0.995
44,GaussianNB,None,None,None,1017,44,44,10,0.921,0.959,0.959,0.959,0.572,0.144,0.959
45,GaussianNB,over_sampler,SMOTEN,2083,508,61,553,1000,0.711,0.893,0.479,0.623,0.711,0.476,0.654
46,GaussianNB,over_sampler,KMeansSMOTE,1,1017,44,44,10,0.921,0.959,0.959,0.959,0.572,0.144,0.959
47,GaussianNB,over_sampler,RandomOverSampler,1,794,331,267,730,0.718,0.706,0.748,0.726,0.718,0.437,0.727
48,GaussianNB,over_sampler,SMOTE,2,545,253,516,808,0.638,0.683,0.514,0.586,0.638,0.284,0.592
49,GaussianNB,over_sampler,BorderlineSMOTE,3,496,189,565,872,0.645,0.724,0.467,0.568,0.645,0.309,0.582
50,GaussianNB,over_sampler,ADASYN,4,588,261,473,786,0.652,0.693,0.554,0.616,0.652,0.311,0.62
51,GaussianNB,over_sampler,SMOTENC,105,569,260,492,801,0.646,0.686,0.536,0.602,0.646,0.298,0.607
52,GaussianNB,over_sampler,SVMSMOTE,18,573,106,488,367,0.613,0.844,0.54,0.659,0.658,0.294,0.675
53,GaussianNB,under_sampler,ClusterCentroids,18,520,100,541,393,0.588,0.839,0.49,0.619,0.644,0.273,0.641
54,GaussianNB,under_sampler,RandomUnderSampler,18,508,116,553,528,0.608,0.814,0.479,0.603,0.649,0.301,0.624
55,GaussianNB,under_sampler,NearMiss,16,551,117,510,536,0.634,0.825,0.519,0.637,0.67,0.339,0.654
56,GaussianNB,under_sampler,TomekLinks,17,550,122,511,429,0.607,0.818,0.518,0.635,0.648,0.286,0.651
57,GaussianNB,under_sampler,EditedNearestNeighbours,16,522,122,539,517,0.611,0.811,0.492,0.612,0.651,0.301,0.631
58,GaussianNB,under_sampler,RepeatedEditedNearestNeighbours,17,560,98,501,423,0.621,0.851,0.528,0.652,0.67,0.324,0.67
59,GaussianNB,under_sampler,AllKNN,17,519,90,542,476,0.612,0.852,0.489,0.622,0.665,0.325,0.646
60,GaussianNB,under_sampler,CondensedNearestNeighbour,18,600,95,461,367,0.635,0.863,0.566,0.683,0.68,0.332,0.699
61,GaussianNB,under_sampler,OneSidedSelection,19,527,140,534,576,0.621,0.79,0.497,0.61,0.651,0.305,0.626
62,GaussianNB,under_sampler,NeighbourhoodCleaningRule,16,500,113,561,557,0.611,0.816,0.471,0.597,0.651,0.308,0.62
63,GaussianNB,under_sampler,InstanceHardnessThreshold,17,540,82,521,299,0.582,0.868,0.509,0.642,0.647,0.261,0.665
64,GaussianNB,combine_sampler,SMOTEENN,20,545,163,516,604,0.629,0.77,0.514,0.616,0.651,0.305,0.629
65,GaussianNB,combine_sampler,SMOTETomek,18,553,87,508,354,0.604,0.864,0.521,0.65,0.662,0.298,0.671
66,KNeighborsClassifier,None,None,None,1046,50,15,4,0.942,0.954,0.986,0.97,0.53,0.099,0.97
67,KNeighborsClassifier,over_sampler,SMOTEN,2085,999,40,62,1021,0.952,0.962,0.942,0.951,0.952,0.904,0.951
68,KNeighborsClassifier,over_sampler,KMeansSMOTE,0,1046,50,15,4,0.942,0.954,0.986,0.97,0.53,0.099,0.97
69,KNeighborsClassifier,over_sampler,RandomOverSampler,0,930,0,131,1061,0.938,1.0,0.877,0.934,0.938,0.883,0.936
70,KNeighborsClassifier,over_sampler,SMOTE,2,903,59,158,1002,0.898,0.939,0.851,0.893,0.898,0.799,0.894
71,KNeighborsClassifier,over_sampler,BorderlineSMOTE,4,935,33,126,1028,0.925,0.966,0.881,0.922,0.925,0.853,0.923
72,KNeighborsClassifier,over_sampler,ADASYN,4,892,126,169,921,0.86,0.876,0.841,0.858,0.86,0.721,0.858
73,KNeighborsClassifier,over_sampler,SMOTENC,104,932,68,129,993,0.907,0.932,0.878,0.904,0.907,0.816,0.905
74,KNeighborsClassifier,over_sampler,SVMSMOTE,20,952,30,109,631,0.919,0.969,0.897,0.932,0.926,0.837,0.933
75,KNeighborsClassifier,under_sampler,ClusterCentroids,19,954,53,107,502,0.901,0.947,0.899,0.923,0.902,0.788,0.923
76,KNeighborsClassifier,under_sampler,RandomUnderSampler,17,955,49,106,377,0.896,0.951,0.9,0.925,0.893,0.758,0.925
77,KNeighborsClassifier,under_sampler,NearMiss,18,981,54,80,217,0.899,0.948,0.925,0.936,0.863,0.702,0.936
78,KNeighborsClassifier,under_sampler,TomekLinks,19,957,40,104,591,0.915,0.96,0.902,0.93,0.919,0.824,0.93
79,KNeighborsClassifier,under_sampler,EditedNearestNeighbours,19,956,46,105,497,0.906,0.954,0.901,0.927,0.908,0.798,0.927
80,KNeighborsClassifier,under_sampler,RepeatedEditedNearestNeighbours,16,950,46,111,500,0.902,0.954,0.895,0.924,0.906,0.791,0.924
81,KNeighborsClassifier,under_sampler,AllKNN,19,941,39,120,732,0.913,0.96,0.887,0.922,0.918,0.828,0.923
82,KNeighborsClassifier,under_sampler,CondensedNearestNeighbour,16,957,60,104,451,0.896,0.941,0.902,0.921,0.892,0.769,0.921
83,KNeighborsClassifier,under_sampler,OneSidedSelection,19,984,57,77,232,0.901,0.945,0.927,0.936,0.865,0.713,0.936
84,KNeighborsClassifier,under_sampler,NeighbourhoodCleaningRule,17,951,52,110,544,0.902,0.948,0.896,0.922,0.905,0.794,0.922
85,KNeighborsClassifier,under_sampler,InstanceHardnessThreshold,17,963,51,98,342,0.898,0.95,0.908,0.928,0.889,0.752,0.928
86,KNeighborsClassifier,combine_sampler,SMOTEENN,20,934,36,127,665,0.907,0.963,0.88,0.92,0.914,0.816,0.921
87,KNeighborsClassifier,combine_sampler,SMOTETomek,17,959,53,102,423,0.899,0.948,0.904,0.925,0.896,0.773,0.925
88,DecisionTreeClassifier,None,None,None,1052,5,9,49,0.987,0.995,0.992,0.993,0.949,0.869,0.993
89,DecisionTreeClassifier,over_sampler,SMOTEN,2134,1054,27,7,1034,0.984,0.975,0.993,0.984,0.984,0.968,0.984
90,DecisionTreeClassifier,over_sampler,KMeansSMOTE,1,1052,5,9,49,0.987,0.995,0.992,0.993,0.949,0.869,0.993
91,DecisionTreeClassifier,over_sampler,RandomOverSampler,2,1056,0,5,1061,0.998,1.0,0.995,0.998,0.998,0.995,0.998
92,DecisionTreeClassifier,over_sampler,SMOTE,2,1054,6,7,1055,0.994,0.994,0.993,0.994,0.994,0.988,0.994
93,DecisionTreeClassifier,over_sampler,BorderlineSMOTE,4,1055,6,6,1055,0.994,0.994,0.994,0.994,0.994,0.989,0.994
94,DecisionTreeClassifier,over_sampler,ADASYN,3,1054,11,7,1036,0.991,0.99,0.993,0.992,0.991,0.983,0.992
95,DecisionTreeClassifier,over_sampler,SMOTENC,104,1054,7,7,1054,0.993,0.993,0.993,0.993,0.993,0.987,0.993
96,DecisionTreeClassifier,over_sampler,SVMSMOTE,19,1054,4,7,628,0.994,0.996,0.993,0.995,0.994,0.986,0.995
97,DecisionTreeClassifier,under_sampler,ClusterCentroids,17,1054,10,7,480,0.989,0.991,0.993,0.992,0.986,0.975,0.992
98,DecisionTreeClassifier,under_sampler,RandomUnderSampler,22,1054,4,7,697,0.994,0.996,0.993,0.995,0.994,0.987,0.995
99,DecisionTreeClassifier,under_sampler,NearMiss,17,1054,4,7,390,0.992,0.996,0.993,0.995,0.992,0.981,0.995
100,DecisionTreeClassifier,under_sampler,TomekLinks,17,1053,5,8,421,0.991,0.995,0.992,0.994,0.99,0.979,0.994
101,DecisionTreeClassifier,under_sampler,EditedNearestNeighbours,18,1052,6,9,733,0.992,0.994,0.992,0.993,0.992,0.983,0.993
102,DecisionTreeClassifier,under_sampler,RepeatedEditedNearestNeighbours,17,1055,6,6,633,0.993,0.994,0.994,0.994,0.992,0.985,0.994
103,DecisionTreeClassifier,under_sampler,AllKNN,19,1054,9,7,417,0.989,0.992,0.993,0.992,0.986,0.974,0.992
104,DecisionTreeClassifier,under_sampler,CondensedNearestNeighbour,17,1054,6,7,472,0.992,0.994,0.993,0.994,0.99,0.98,0.994
105,DecisionTreeClassifier,under_sampler,OneSidedSelection,18,1055,5,6,427,0.993,0.995,0.994,0.995,0.991,0.982,0.995
106,DecisionTreeClassifier,under_sampler,NeighbourhoodCleaningRule,18,1052,5,9,506,0.991,0.995,0.992,0.993,0.991,0.98,0.993
107,DecisionTreeClassifier,under_sampler,InstanceHardnessThreshold,18,1057,7,4,551,0.993,0.993,0.996,0.995,0.992,0.985,0.995
108,DecisionTreeClassifier,combine_sampler,SMOTEENN,19,1054,4,7,568,0.993,0.996,0.993,0.995,0.993,0.985,0.995
109,DecisionTreeClassifier,combine_sampler,SMOTETomek,19,1053,3,8,542,0.993,0.997,0.992,0.995,0.993,0.985,0.995
110,LogisticRegression,None,None,None,1060,25,1,29,0.977,0.977,0.999,0.988,0.768,0.711,0.988
111,LogisticRegression,over_sampler,SMOTEN,2076,1047,28,14,1033,0.98,0.974,0.987,0.98,0.98,0.96,0.98
112,LogisticRegression,over_sampler,KMeansSMOTE,0,1060,25,1,29,0.977,0.977,0.999,0.988,0.768,0.711,0.988
113,LogisticRegression,over_sampler,RandomOverSampler,1,1045,5,16,1056,0.99,0.995,0.985,0.99,0.99,0.98,0.99
114,LogisticRegression,over_sampler,SMOTE,3,1045,0,16,1061,0.992,1.0,0.985,0.992,0.992,0.985,0.992
115,LogisticRegression,over_sampler,BorderlineSMOTE,5,1043,6,18,1055,0.989,0.994,0.983,0.989,0.989,0.977,0.989
116,LogisticRegression,over_sampler,ADASYN,4,1046,7,15,1040,0.99,0.993,0.986,0.99,0.99,0.979,0.99
117,LogisticRegression,over_sampler,SMOTENC,107,1045,3,16,1058,0.991,0.997,0.985,0.991,0.991,0.982,0.991
118,LogisticRegression,over_sampler,SVMSMOTE,18,1040,14,21,607,0.979,0.987,0.98,0.983,0.979,0.955,0.983
119,LogisticRegression,under_sampler,ClusterCentroids,18,1038,27,23,529,0.969,0.975,0.978,0.976,0.965,0.931,0.976
120,LogisticRegression,under_sampler,RandomUnderSampler,18,1045,10,16,585,0.984,0.991,0.985,0.988,0.984,0.966,0.988
121,LogisticRegression,under_sampler,NearMiss,19,1039,48,22,401,0.954,0.956,0.979,0.967,0.936,0.888,0.967
122,LogisticRegression,under_sampler,TomekLinks,17,1046,13,15,445,0.982,0.988,0.986,0.987,0.979,0.956,0.987
123,LogisticRegression,under_sampler,EditedNearestNeighbours,17,1042,19,19,580,0.977,0.982,0.982,0.982,0.975,0.95,0.982
124,LogisticRegression,under_sampler,RepeatedEditedNearestNeighbours,17,1053,17,8,395,0.983,0.984,0.992,0.988,0.976,0.958,0.988
125,LogisticRegression,under_sampler,AllKNN,21,1043,19,18,512,0.977,0.982,0.983,0.983,0.974,0.948,0.983
126,LogisticRegression,under_sampler,CondensedNearestNeighbour,19,1041,12,20,734,0.982,0.989,0.981,0.985,0.983,0.964,0.985
127,LogisticRegression,under_sampler,OneSidedSelection,17,1046,8,15,634,0.986,0.992,0.986,0.989,0.987,0.971,0.989
128,LogisticRegression,under_sampler,NeighbourhoodCleaningRule,19,1043,11,18,725,0.984,0.99,0.983,0.986,0.984,0.967,0.986
129,LogisticRegression,under_sampler,InstanceHardnessThreshold,17,1044,25,17,497,0.973,0.977,0.984,0.98,0.968,0.94,0.98
130,LogisticRegression,combine_sampler,SMOTEENN,17,1049,18,12,431,0.98,0.983,0.989,0.986,0.974,0.952,0.986
131,LogisticRegression,combine_sampler,SMOTETomek,18,1037,23,24,686,0.973,0.978,0.977,0.978,0.972,0.945,0.978
132,AdaBoostClassifier,None,None,None,1056,6,5,48,0.99,0.994,0.995,0.995,0.942,0.892,0.995
133,AdaBoostClassifier,over_sampler,SMOTEN,2095,1057,16,4,1045,0.991,0.985,0.996,0.991,0.991,0.981,0.991
134,AdaBoostClassifier,over_sampler,KMeansSMOTE,0,1056,6,5,48,0.99,0.994,0.995,0.995,0.942,0.892,0.995
135,AdaBoostClassifier,over_sampler,RandomOverSampler,1,1055,0,6,1061,0.997,1.0,0.994,0.997,0.997,0.994,0.997
136,AdaBoostClassifier,over_sampler,SMOTE,3,1055,5,6,1056,0.995,0.995,0.994,0.995,0.995,0.99,0.995
137,AdaBoostClassifier,over_sampler,BorderlineSMOTE,5,1055,3,6,1058,0.996,0.997,0.994,0.996,0.996,0.992,0.996
138,AdaBoostClassifier,over_sampler,ADASYN,4,1056,4,5,1043,0.996,0.996,0.995,0.996,0.996,0.991,0.996
139,AdaBoostClassifier,over_sampler,SMOTENC,108,1055,6,6,1055,0.994,0.994,0.994,0.994,0.994,0.989,0.994
140,AdaBoostClassifier,over_sampler,SVMSMOTE,20,1055,7,6,388,0.991,0.993,0.994,0.994,0.988,0.977,0.994
141,AdaBoostClassifier,under_sampler,ClusterCentroids,18,1054,7,7,657,0.992,0.993,0.993,0.993,0.991,0.983,0.993
142,AdaBoostClassifier,under_sampler,RandomUnderSampler,19,1055,7,6,427,0.991,0.993,0.994,0.994,0.989,0.979,0.994
143,AdaBoostClassifier,under_sampler,NearMiss,18,1056,6,5,457,0.993,0.994,0.995,0.995,0.991,0.983,0.995
144,AdaBoostClassifier,under_sampler,TomekLinks,18,1056,5,5,388,0.993,0.995,0.995,0.995,0.991,0.983,0.995
145,AdaBoostClassifier,under_sampler,EditedNearestNeighbours,17,1054,6,7,460,0.991,0.994,0.993,0.994,0.99,0.98,0.994
146,AdaBoostClassifier,under_sampler,RepeatedEditedNearestNeighbours,18,1053,7,8,565,0.991,0.993,0.992,0.993,0.99,0.98,0.993
147,AdaBoostClassifier,under_sampler,AllKNN,18,1054,6,7,423,0.991,0.994,0.993,0.994,0.99,0.979,0.994
148,AdaBoostClassifier,under_sampler,CondensedNearestNeighbour,18,1057,7,4,622,0.993,0.993,0.996,0.995,0.993,0.986,0.995
149,AdaBoostClassifier,under_sampler,OneSidedSelection,17,1054,6,7,476,0.992,0.994,0.993,0.994,0.99,0.98,0.994
150,AdaBoostClassifier,under_sampler,NeighbourhoodCleaningRule,19,1056,6,5,462,0.993,0.994,0.995,0.995,0.991,0.983,0.995
151,AdaBoostClassifier,under_sampler,InstanceHardnessThreshold,20,1055,6,6,546,0.993,0.994,0.994,0.994,0.992,0.983,0.994
152,AdaBoostClassifier,combine_sampler,SMOTEENN,21,1056,4,5,472,0.994,0.996,0.995,0.996,0.993,0.986,0.996
153,AdaBoostClassifier,combine_sampler,SMOTETomek,20,1056,7,5,551,0.993,0.993,0.995,0.994,0.991,0.984,0.994
