,model,unbalance_category,unbalance_method,balance_data_time,TP,FP,FN,TN,ACC,PRE,RECALL,F1,AUC,MCC,G_measure
0,SVC,None,None,None,2386,121,0,0,0.952,0.952,1.0,0.975,0.5,0.0,0.976
1,SVC,over_sampler,SMOTEN,4828,1698,345,688,2041,0.784,0.831,0.712,0.767,0.784,0.573,0.769
2,SVC,over_sampler,KMeansSMOTE,2,2386,121,0,0,0.952,0.952,1.0,0.975,0.5,0.0,0.976
3,SVC,over_sampler,RandomOverSampler,3,1750,618,636,1768,0.737,0.739,0.733,0.736,0.737,0.474,0.736
4,SVC,over_sampler,SMOTE,8,1704,408,682,1978,0.772,0.807,0.714,0.758,0.772,0.547,0.759
5,SVC,over_sampler,BorderlineSMOTE,18,1715,275,671,2111,0.802,0.862,0.719,0.784,0.802,0.612,0.787
6,SVC,over_sampler,ADASYN,25,1613,474,773,1916,0.739,0.773,0.676,0.721,0.739,0.482,0.723
7,SVC,over_sampler,SMOTENC,312,1715,446,671,1940,0.766,0.794,0.719,0.754,0.766,0.534,0.755
8,SVC,over_sampler,SVMSMOTE,125,1836,313,550,2073,0.819,0.854,0.769,0.81,0.819,0.641,0.811
9,SVC,under_sampler,ClusterCentroids,145,1726,221,660,2165,0.815,0.886,0.723,0.797,0.815,0.642,0.801
10,SVC,under_sampler,RandomUnderSampler,117,1721,226,665,2160,0.813,0.884,0.721,0.794,0.813,0.637,0.798
11,SVC,under_sampler,NearMiss,122,1729,228,657,2158,0.815,0.883,0.725,0.796,0.815,0.64,0.8
12,SVC,under_sampler,TomekLinks,138,1725,222,661,2164,0.815,0.886,0.723,0.796,0.815,0.641,0.8
13,SVC,under_sampler,EditedNearestNeighbours,126,1760,231,626,2155,0.82,0.884,0.738,0.804,0.82,0.65,0.807
14,SVC,under_sampler,RepeatedEditedNearestNeighbours,121,1712,232,674,2154,0.81,0.881,0.718,0.791,0.81,0.631,0.795
15,SVC,under_sampler,AllKNN,147,1748,235,638,2151,0.817,0.881,0.733,0.8,0.817,0.643,0.804
16,SVC,under_sampler,CondensedNearestNeighbour,148,1741,236,645,2150,0.815,0.881,0.73,0.798,0.815,0.64,0.802
17,SVC,under_sampler,OneSidedSelection,122,1677,232,709,2154,0.803,0.878,0.703,0.781,0.803,0.618,0.786
18,SVC,under_sampler,NeighbourhoodCleaningRule,137,1730,216,656,2170,0.817,0.889,0.725,0.799,0.817,0.646,0.803
19,SVC,under_sampler,InstanceHardnessThreshold,127,1667,226,719,2160,0.802,0.881,0.699,0.779,0.802,0.617,0.784
20,SVC,combine_sampler,SMOTEENN,156,1714,259,672,2127,0.805,0.869,0.718,0.786,0.805,0.619,0.79
21,SVC,combine_sampler,SMOTETomek,160,1758,246,628,2140,0.817,0.877,0.737,0.801,0.817,0.642,0.804
22,RandomForestClassifier,None,None,None,2379,14,7,107,0.992,0.994,0.997,0.996,0.941,0.907,0.996
23,RandomForestClassifier,over_sampler,SMOTEN,5175,2381,30,5,2356,0.993,0.988,0.998,0.993,0.993,0.985,0.993
24,RandomForestClassifier,over_sampler,KMeansSMOTE,2,2378,15,8,106,0.991,0.994,0.997,0.995,0.936,0.898,0.995
25,RandomForestClassifier,over_sampler,RandomOverSampler,4,2380,0,6,2386,0.999,1.0,0.997,0.999,0.999,0.997,0.999
26,RandomForestClassifier,over_sampler,SMOTE,8,2382,8,4,2378,0.997,0.997,0.998,0.997,0.997,0.995,0.997
27,RandomForestClassifier,over_sampler,BorderlineSMOTE,16,2382,12,4,2374,0.997,0.995,0.998,0.997,0.997,0.993,0.997
28,RandomForestClassifier,over_sampler,ADASYN,16,2381,7,5,2383,0.997,0.997,0.998,0.997,0.997,0.995,0.997
29,RandomForestClassifier,over_sampler,SMOTENC,335,2381,9,5,2377,0.997,0.996,0.998,0.997,0.997,0.994,0.997
30,RandomForestClassifier,over_sampler,SVMSMOTE,150,2381,14,5,2372,0.996,0.994,0.998,0.996,0.996,0.992,0.996
31,RandomForestClassifier,under_sampler,ClusterCentroids,127,2383,15,3,2371,0.996,0.994,0.999,0.996,0.996,0.992,0.996
32,RandomForestClassifier,under_sampler,RandomUnderSampler,180,2380,12,6,2374,0.996,0.995,0.997,0.996,0.996,0.992,0.996
33,RandomForestClassifier,under_sampler,NearMiss,125,2380,14,6,2372,0.996,0.994,0.997,0.996,0.996,0.992,0.996
34,RandomForestClassifier,under_sampler,TomekLinks,123,2382,12,4,2374,0.997,0.995,0.998,0.997,0.997,0.993,0.997
35,RandomForestClassifier,under_sampler,EditedNearestNeighbours,162,2382,13,4,2373,0.996,0.995,0.998,0.996,0.996,0.993,0.996
36,RandomForestClassifier,under_sampler,RepeatedEditedNearestNeighbours,121,2382,13,4,2373,0.996,0.995,0.998,0.996,0.996,0.993,0.996
37,RandomForestClassifier,under_sampler,AllKNN,173,2381,15,5,2371,0.996,0.994,0.998,0.996,0.996,0.992,0.996
38,RandomForestClassifier,under_sampler,CondensedNearestNeighbour,122,2381,13,5,2373,0.996,0.995,0.998,0.996,0.996,0.992,0.996
39,RandomForestClassifier,under_sampler,OneSidedSelection,155,2382,15,4,2371,0.996,0.994,0.998,0.996,0.996,0.992,0.996
40,RandomForestClassifier,under_sampler,NeighbourhoodCleaningRule,129,2382,12,4,2374,0.997,0.995,0.998,0.997,0.997,0.993,0.997
41,RandomForestClassifier,under_sampler,InstanceHardnessThreshold,124,2381,14,5,2372,0.996,0.994,0.998,0.996,0.996,0.992,0.996
42,RandomForestClassifier,combine_sampler,SMOTEENN,165,2381,11,5,2375,0.997,0.995,0.998,0.997,0.997,0.993,0.997
43,RandomForestClassifier,combine_sampler,SMOTETomek,146,2379,11,7,2375,0.996,0.995,0.997,0.996,0.996,0.992,0.996
44,GaussianNB,None,None,None,2243,12,143,109,0.938,0.995,0.94,0.967,0.92,0.599,0.967
45,GaussianNB,over_sampler,SMOTEN,5701,1999,41,387,2345,0.91,0.98,0.838,0.903,0.91,0.829,0.906
46,GaussianNB,over_sampler,KMeansSMOTE,0,2243,12,143,109,0.938,0.995,0.94,0.967,0.92,0.599,0.967
47,GaussianNB,over_sampler,RandomOverSampler,3,2117,170,269,2216,0.908,0.926,0.887,0.906,0.908,0.817,0.906
48,GaussianNB,over_sampler,SMOTE,7,2141,94,245,2292,0.929,0.958,0.897,0.927,0.929,0.86,0.927
49,GaussianNB,over_sampler,BorderlineSMOTE,17,2200,103,186,2283,0.939,0.955,0.922,0.938,0.939,0.879,0.939
50,GaussianNB,over_sampler,ADASYN,16,2161,106,225,2284,0.931,0.953,0.906,0.929,0.931,0.862,0.929
51,GaussianNB,over_sampler,SMOTENC,320,2122,95,264,2291,0.925,0.957,0.889,0.922,0.925,0.852,0.923
52,GaussianNB,over_sampler,SVMSMOTE,119,2176,107,210,2279,0.934,0.953,0.912,0.932,0.934,0.868,0.932
53,GaussianNB,under_sampler,ClusterCentroids,118,2170,136,216,2250,0.926,0.941,0.909,0.925,0.926,0.853,0.925
54,GaussianNB,under_sampler,RandomUnderSampler,120,2165,126,221,2260,0.927,0.945,0.907,0.926,0.927,0.855,0.926
55,GaussianNB,under_sampler,NearMiss,117,2175,115,211,2271,0.932,0.95,0.912,0.93,0.932,0.864,0.93
56,GaussianNB,under_sampler,TomekLinks,131,2198,99,188,2287,0.94,0.957,0.921,0.939,0.94,0.88,0.939
57,GaussianNB,under_sampler,EditedNearestNeighbours,147,2201,103,185,2283,0.94,0.955,0.922,0.939,0.94,0.88,0.939
58,GaussianNB,under_sampler,RepeatedEditedNearestNeighbours,126,2186,102,200,2284,0.937,0.955,0.916,0.935,0.937,0.874,0.936
59,GaussianNB,under_sampler,AllKNN,407,2178,108,208,2278,0.934,0.953,0.913,0.932,0.934,0.868,0.933
60,GaussianNB,under_sampler,CondensedNearestNeighbour,837,2184,124,202,2262,0.932,0.946,0.915,0.931,0.932,0.864,0.931
61,GaussianNB,under_sampler,OneSidedSelection,189,2193,102,193,2284,0.938,0.956,0.919,0.937,0.938,0.877,0.937
62,GaussianNB,under_sampler,NeighbourhoodCleaningRule,141,2203,117,183,2269,0.937,0.95,0.923,0.936,0.937,0.875,0.936
63,GaussianNB,under_sampler,InstanceHardnessThreshold,131,2193,120,193,2266,0.934,0.948,0.919,0.933,0.934,0.869,0.934
64,GaussianNB,combine_sampler,SMOTEENN,214,2176,122,210,2264,0.93,0.947,0.912,0.929,0.93,0.861,0.929
65,GaussianNB,combine_sampler,SMOTETomek,140,2172,115,214,2271,0.931,0.95,0.91,0.93,0.931,0.863,0.93
66,KNeighborsClassifier,None,None,None,2360,93,26,28,0.953,0.962,0.989,0.975,0.61,0.326,0.976
67,KNeighborsClassifier,over_sampler,SMOTEN,5944,2307,57,79,2329,0.972,0.976,0.967,0.971,0.972,0.943,0.971
68,KNeighborsClassifier,over_sampler,KMeansSMOTE,2,2360,93,26,28,0.953,0.962,0.989,0.975,0.61,0.326,0.976
69,KNeighborsClassifier,over_sampler,RandomOverSampler,3,2212,0,174,2386,0.964,1.0,0.927,0.962,0.964,0.93,0.963
70,KNeighborsClassifier,over_sampler,SMOTE,12,2204,67,182,2319,0.948,0.97,0.924,0.947,0.948,0.897,0.947
71,KNeighborsClassifier,over_sampler,BorderlineSMOTE,66,2235,49,151,2337,0.958,0.979,0.937,0.957,0.958,0.917,0.957
72,KNeighborsClassifier,over_sampler,ADASYN,63,2202,241,184,2149,0.911,0.901,0.923,0.912,0.911,0.822,0.912
73,KNeighborsClassifier,over_sampler,SMOTENC,363,2228,79,158,2307,0.95,0.966,0.934,0.949,0.95,0.901,0.95
74,KNeighborsClassifier,over_sampler,SVMSMOTE,132,2259,105,127,2281,0.951,0.956,0.947,0.951,0.951,0.903,0.951
75,KNeighborsClassifier,under_sampler,ClusterCentroids,124,2239,48,147,2338,0.959,0.979,0.938,0.958,0.959,0.919,0.958
76,KNeighborsClassifier,under_sampler,RandomUnderSampler,282,2244,57,142,2329,0.958,0.975,0.94,0.958,0.958,0.917,0.958
77,KNeighborsClassifier,under_sampler,NearMiss,496,2233,48,153,2338,0.958,0.979,0.936,0.957,0.958,0.917,0.957
78,KNeighborsClassifier,under_sampler,TomekLinks,220,2240,44,146,2342,0.96,0.981,0.939,0.959,0.96,0.921,0.96
79,KNeighborsClassifier,under_sampler,EditedNearestNeighbours,187,2240,47,146,2339,0.96,0.979,0.939,0.959,0.96,0.92,0.959
80,KNeighborsClassifier,under_sampler,RepeatedEditedNearestNeighbours,208,2239,56,147,2330,0.957,0.976,0.938,0.957,0.957,0.916,0.957
81,KNeighborsClassifier,under_sampler,AllKNN,164,2238,50,148,2336,0.959,0.978,0.938,0.958,0.959,0.918,0.958
82,KNeighborsClassifier,under_sampler,CondensedNearestNeighbour,247,2238,54,148,2332,0.958,0.976,0.938,0.957,0.958,0.916,0.957
83,KNeighborsClassifier,under_sampler,OneSidedSelection,195,2251,77,135,2309,0.956,0.967,0.943,0.955,0.956,0.911,0.955
84,KNeighborsClassifier,under_sampler,NeighbourhoodCleaningRule,172,2237,50,149,2336,0.958,0.978,0.938,0.957,0.958,0.917,0.958
85,KNeighborsClassifier,under_sampler,InstanceHardnessThreshold,175,2232,45,154,2341,0.958,0.98,0.935,0.957,0.958,0.918,0.958
86,KNeighborsClassifier,combine_sampler,SMOTEENN,156,2237,52,149,2334,0.958,0.977,0.938,0.957,0.958,0.917,0.957
87,KNeighborsClassifier,combine_sampler,SMOTETomek,143,2236,53,150,2333,0.957,0.977,0.937,0.957,0.957,0.916,0.957
88,DecisionTreeClassifier,None,None,None,2382,3,4,118,0.997,0.999,0.998,0.999,0.987,0.97,0.999
89,DecisionTreeClassifier,over_sampler,SMOTEN,6045,2374,20,12,2366,0.993,0.992,0.995,0.993,0.993,0.987,0.993
90,DecisionTreeClassifier,over_sampler,KMeansSMOTE,1,2380,4,6,117,0.996,0.998,0.997,0.998,0.982,0.957,0.998
91,DecisionTreeClassifier,over_sampler,RandomOverSampler,3,2375,0,11,2386,0.998,1.0,0.995,0.998,0.998,0.995,0.998
92,DecisionTreeClassifier,over_sampler,SMOTE,9,2375,13,11,2373,0.995,0.995,0.995,0.995,0.995,0.99,0.995
93,DecisionTreeClassifier,over_sampler,BorderlineSMOTE,16,2374,6,12,2380,0.996,0.997,0.995,0.996,0.996,0.992,0.996
94,DecisionTreeClassifier,over_sampler,ADASYN,23,2374,5,12,2385,0.996,0.998,0.995,0.996,0.996,0.993,0.996
95,DecisionTreeClassifier,over_sampler,SMOTENC,372,2372,7,14,2379,0.996,0.997,0.994,0.996,0.996,0.991,0.996
96,DecisionTreeClassifier,over_sampler,SVMSMOTE,173,2370,6,16,2380,0.995,0.997,0.993,0.995,0.995,0.991,0.995
97,DecisionTreeClassifier,under_sampler,ClusterCentroids,122,2369,6,17,2380,0.995,0.997,0.993,0.995,0.995,0.99,0.995
98,DecisionTreeClassifier,under_sampler,RandomUnderSampler,141,2372,5,14,2381,0.996,0.998,0.994,0.996,0.996,0.992,0.996
99,DecisionTreeClassifier,under_sampler,NearMiss,124,2372,9,14,2377,0.995,0.996,0.994,0.995,0.995,0.99,0.995
100,DecisionTreeClassifier,under_sampler,TomekLinks,126,2372,8,14,2378,0.995,0.997,0.994,0.995,0.995,0.991,0.995
101,DecisionTreeClassifier,under_sampler,EditedNearestNeighbours,142,2373,7,13,2379,0.996,0.997,0.995,0.996,0.996,0.992,0.996
102,DecisionTreeClassifier,under_sampler,RepeatedEditedNearestNeighbours,136,2371,6,15,2380,0.996,0.997,0.994,0.996,0.996,0.991,0.996
103,DecisionTreeClassifier,under_sampler,AllKNN,161,2373,6,13,2380,0.996,0.997,0.995,0.996,0.996,0.992,0.996
104,DecisionTreeClassifier,under_sampler,CondensedNearestNeighbour,157,2369,6,17,2380,0.995,0.997,0.993,0.995,0.995,0.99,0.995
105,DecisionTreeClassifier,under_sampler,OneSidedSelection,158,2369,9,17,2377,0.995,0.996,0.993,0.995,0.995,0.989,0.995
106,DecisionTreeClassifier,under_sampler,NeighbourhoodCleaningRule,149,2372,7,14,2379,0.996,0.997,0.994,0.996,0.996,0.991,0.996
107,DecisionTreeClassifier,under_sampler,InstanceHardnessThreshold,122,2371,5,15,2381,0.996,0.998,0.994,0.996,0.996,0.992,0.996
108,DecisionTreeClassifier,combine_sampler,SMOTEENN,119,2372,7,14,2379,0.996,0.997,0.994,0.996,0.996,0.991,0.996
109,DecisionTreeClassifier,combine_sampler,SMOTETomek,118,2372,6,14,2380,0.996,0.997,0.994,0.996,0.996,0.992,0.996
110,LogisticRegression,None,None,None,2383,98,3,23,0.96,0.96,0.999,0.979,0.594,0.399,0.979
111,LogisticRegression,over_sampler,SMOTEN,5474,2347,15,39,2371,0.989,0.994,0.984,0.989,0.989,0.977,0.989
112,LogisticRegression,over_sampler,KMeansSMOTE,2,2383,98,3,23,0.96,0.96,0.999,0.979,0.594,0.399,0.979
113,LogisticRegression,over_sampler,RandomOverSampler,3,2287,43,99,2343,0.97,0.982,0.959,0.97,0.97,0.941,0.97
114,LogisticRegression,over_sampler,SMOTE,7,2320,20,66,2366,0.982,0.991,0.972,0.982,0.982,0.964,0.982
115,LogisticRegression,over_sampler,BorderlineSMOTE,21,2330,25,56,2361,0.983,0.989,0.977,0.983,0.983,0.966,0.983
116,LogisticRegression,over_sampler,ADASYN,19,2285,71,101,2319,0.964,0.97,0.958,0.964,0.964,0.928,0.964
117,LogisticRegression,over_sampler,SMOTENC,393,2335,23,51,2363,0.984,0.99,0.979,0.984,0.984,0.969,0.984
118,LogisticRegression,over_sampler,SVMSMOTE,128,2297,48,89,2338,0.971,0.98,0.963,0.971,0.971,0.943,0.971
119,LogisticRegression,under_sampler,ClusterCentroids,196,2287,68,99,2318,0.965,0.971,0.959,0.965,0.965,0.93,0.965
120,LogisticRegression,under_sampler,RandomUnderSampler,123,2194,72,192,2314,0.945,0.968,0.92,0.943,0.945,0.89,0.944
121,LogisticRegression,under_sampler,NearMiss,159,2285,41,101,2345,0.97,0.982,0.958,0.97,0.97,0.941,0.97
122,LogisticRegression,under_sampler,TomekLinks,216,2292,50,94,2336,0.97,0.979,0.961,0.97,0.97,0.94,0.97
123,LogisticRegression,under_sampler,EditedNearestNeighbours,163,2296,41,90,2345,0.973,0.982,0.962,0.972,0.973,0.945,0.972
124,LogisticRegression,under_sampler,RepeatedEditedNearestNeighbours,130,2307,50,79,2336,0.973,0.979,0.967,0.973,0.973,0.946,0.973
125,LogisticRegression,under_sampler,AllKNN,141,2195,72,191,2314,0.945,0.968,0.92,0.943,0.945,0.891,0.944
126,LogisticRegression,under_sampler,CondensedNearestNeighbour,127,2263,45,123,2341,0.965,0.981,0.948,0.964,0.965,0.93,0.964
127,LogisticRegression,under_sampler,OneSidedSelection,124,2311,34,75,2352,0.977,0.986,0.969,0.977,0.977,0.954,0.977
128,LogisticRegression,under_sampler,NeighbourhoodCleaningRule,125,2213,73,173,2313,0.948,0.968,0.927,0.947,0.948,0.898,0.948
129,LogisticRegression,under_sampler,InstanceHardnessThreshold,143,2267,52,119,2334,0.964,0.978,0.95,0.964,0.964,0.929,0.964
130,LogisticRegression,combine_sampler,SMOTEENN,125,2225,60,161,2326,0.954,0.974,0.933,0.953,0.954,0.908,0.953
131,LogisticRegression,combine_sampler,SMOTETomek,187,2282,57,104,2329,0.966,0.976,0.956,0.966,0.966,0.933,0.966
132,AdaBoostClassifier,None,None,None,2381,10,5,111,0.994,0.996,0.998,0.997,0.958,0.934,0.997
133,AdaBoostClassifier,over_sampler,SMOTEN,4921,2380,18,6,2368,0.995,0.992,0.997,0.995,0.995,0.99,0.995
134,AdaBoostClassifier,over_sampler,KMeansSMOTE,3,2381,10,5,111,0.994,0.996,0.998,0.997,0.958,0.934,0.997
135,AdaBoostClassifier,over_sampler,RandomOverSampler,2,2378,0,8,2386,0.998,1.0,0.997,0.998,0.998,0.997,0.998
136,AdaBoostClassifier,over_sampler,SMOTE,9,2379,7,7,2379,0.997,0.997,0.997,0.997,0.997,0.994,0.997
137,AdaBoostClassifier,over_sampler,BorderlineSMOTE,17,2380,8,6,2378,0.997,0.997,0.997,0.997,0.997,0.994,0.997
138,AdaBoostClassifier,over_sampler,ADASYN,24,2379,7,7,2383,0.997,0.997,0.997,0.997,0.997,0.994,0.997
139,AdaBoostClassifier,over_sampler,SMOTENC,304,2379,7,7,2379,0.997,0.997,0.997,0.997,0.997,0.994,0.997
140,AdaBoostClassifier,over_sampler,SVMSMOTE,121,2380,7,6,2379,0.997,0.997,0.997,0.997,0.997,0.995,0.997
141,AdaBoostClassifier,under_sampler,ClusterCentroids,124,2382,7,4,2379,0.998,0.997,0.998,0.998,0.998,0.995,0.998
142,AdaBoostClassifier,under_sampler,RandomUnderSampler,189,2376,8,10,2378,0.996,0.997,0.996,0.996,0.996,0.992,0.996
143,AdaBoostClassifier,under_sampler,NearMiss,153,2380,4,6,2382,0.998,0.998,0.997,0.998,0.998,0.996,0.998
144,AdaBoostClassifier,under_sampler,TomekLinks,121,2379,10,7,2376,0.996,0.996,0.997,0.996,0.996,0.993,0.996
145,AdaBoostClassifier,under_sampler,EditedNearestNeighbours,129,2378,8,8,2378,0.997,0.997,0.997,0.997,0.997,0.993,0.997
146,AdaBoostClassifier,under_sampler,RepeatedEditedNearestNeighbours,118,2379,6,7,2380,0.997,0.997,0.997,0.997,0.997,0.995,0.997
147,AdaBoostClassifier,under_sampler,AllKNN,121,2381,7,5,2379,0.997,0.997,0.998,0.997,0.997,0.995,0.997
148,AdaBoostClassifier,under_sampler,CondensedNearestNeighbour,120,2377,6,9,2380,0.997,0.997,0.996,0.997,0.997,0.994,0.997
149,AdaBoostClassifier,under_sampler,OneSidedSelection,119,2377,11,9,2375,0.996,0.995,0.996,0.996,0.996,0.992,0.996
150,AdaBoostClassifier,under_sampler,NeighbourhoodCleaningRule,122,2378,8,8,2378,0.997,0.997,0.997,0.997,0.997,0.993,0.997
151,AdaBoostClassifier,under_sampler,InstanceHardnessThreshold,131,2379,5,7,2381,0.997,0.998,0.997,0.997,0.997,0.995,0.997
152,AdaBoostClassifier,combine_sampler,SMOTEENN,119,2378,6,8,2380,0.997,0.997,0.997,0.997,0.997,0.994,0.997
153,AdaBoostClassifier,combine_sampler,SMOTETomek,183,2380,8,6,2378,0.997,0.997,0.997,0.997,0.997,0.994,0.997
