,model,unbalance_category,unbalance_method,balance_data_time,TP,FP,FN,TN,ACC,PRE,RECALL,F1,AUC,MCC,G_measure
0,SVC,None,None,None,790,28,0,0,0.966,0.966,1.0,0.983,0.5,0.0,0.983
1,SVC,over_sampler,SMOTEN,1826,624,4,166,786,0.892,0.994,0.79,0.88,0.892,0.802,0.886
2,SVC,over_sampler,KMeansSMOTE,0,790,28,0,0,0.966,0.966,1.0,0.983,0.5,0.0,0.983
3,SVC,over_sampler,RandomOverSampler,1,568,0,222,790,0.859,1.0,0.719,0.837,0.859,0.749,0.848
4,SVC,over_sampler,SMOTE,1,585,6,205,784,0.866,0.99,0.741,0.847,0.866,0.757,0.856
5,SVC,over_sampler,BorderlineSMOTE,4,619,3,171,787,0.89,0.995,0.784,0.877,0.89,0.798,0.883
6,SVC,over_sampler,ADASYN,3,565,46,225,745,0.829,0.925,0.715,0.807,0.829,0.675,0.813
7,SVC,over_sampler,SMOTENC,51,597,7,193,783,0.873,0.988,0.756,0.857,0.873,0.768,0.864
8,SVC,over_sampler,SVMSMOTE,14,640,10,150,780,0.899,0.985,0.81,0.889,0.899,0.81,0.893
9,SVC,under_sampler,ClusterCentroids,14,637,8,153,782,0.898,0.988,0.806,0.888,0.898,0.81,0.892
10,SVC,under_sampler,RandomUnderSampler,14,636,8,154,782,0.897,0.988,0.805,0.887,0.897,0.809,0.892
11,SVC,under_sampler,NearMiss,13,637,5,153,785,0.9,0.992,0.806,0.89,0.9,0.814,0.894
12,SVC,under_sampler,TomekLinks,14,635,10,155,780,0.896,0.984,0.804,0.885,0.896,0.805,0.89
13,SVC,under_sampler,EditedNearestNeighbours,14,655,9,135,781,0.909,0.986,0.829,0.901,0.909,0.828,0.904
14,SVC,under_sampler,RepeatedEditedNearestNeighbours,14,647,14,143,776,0.901,0.979,0.819,0.892,0.901,0.812,0.895
15,SVC,under_sampler,AllKNN,14,642,13,148,777,0.898,0.98,0.813,0.889,0.898,0.808,0.892
16,SVC,under_sampler,CondensedNearestNeighbour,14,635,7,155,783,0.897,0.989,0.804,0.887,0.897,0.809,0.892
17,SVC,under_sampler,OneSidedSelection,13,649,15,141,775,0.901,0.977,0.822,0.893,0.901,0.813,0.896
18,SVC,under_sampler,NeighbourhoodCleaningRule,14,649,8,141,782,0.906,0.988,0.822,0.897,0.906,0.823,0.901
19,SVC,under_sampler,InstanceHardnessThreshold,14,640,8,150,782,0.9,0.988,0.81,0.89,0.9,0.813,0.894
20,SVC,combine_sampler,SMOTEENN,13,640,7,150,783,0.901,0.989,0.81,0.891,0.901,0.815,0.895
21,SVC,combine_sampler,SMOTETomek,12,643,7,147,783,0.903,0.989,0.814,0.893,0.903,0.818,0.897
22,RandomForestClassifier,None,None,None,786,6,4,22,0.988,0.992,0.995,0.994,0.89,0.809,0.994
23,RandomForestClassifier,over_sampler,SMOTEN,1821,787,11,3,779,0.991,0.986,0.996,0.991,0.991,0.982,0.991
24,RandomForestClassifier,over_sampler,KMeansSMOTE,0,787,5,3,23,0.99,0.994,0.996,0.995,0.909,0.847,0.995
25,RandomForestClassifier,over_sampler,RandomOverSampler,1,787,0,3,790,0.998,1.0,0.996,0.998,0.998,0.996,0.998
26,RandomForestClassifier,over_sampler,SMOTE,1,787,4,3,786,0.996,0.995,0.996,0.996,0.996,0.991,0.996
27,RandomForestClassifier,over_sampler,BorderlineSMOTE,4,787,6,3,784,0.994,0.992,0.996,0.994,0.994,0.989,0.994
28,RandomForestClassifier,over_sampler,ADASYN,3,787,8,3,783,0.993,0.99,0.996,0.993,0.993,0.986,0.993
29,RandomForestClassifier,over_sampler,SMOTENC,60,787,4,3,786,0.996,0.995,0.996,0.996,0.996,0.991,0.996
30,RandomForestClassifier,over_sampler,SVMSMOTE,12,787,4,3,786,0.996,0.995,0.996,0.996,0.996,0.991,0.996
31,RandomForestClassifier,under_sampler,ClusterCentroids,13,787,6,3,784,0.994,0.992,0.996,0.994,0.994,0.989,0.994
32,RandomForestClassifier,under_sampler,RandomUnderSampler,13,786,5,4,785,0.994,0.994,0.995,0.994,0.994,0.989,0.994
33,RandomForestClassifier,under_sampler,NearMiss,15,787,5,3,785,0.995,0.994,0.996,0.995,0.995,0.99,0.995
34,RandomForestClassifier,under_sampler,TomekLinks,13,787,6,3,784,0.994,0.992,0.996,0.994,0.994,0.989,0.994
35,RandomForestClassifier,under_sampler,EditedNearestNeighbours,14,787,5,3,785,0.995,0.994,0.996,0.995,0.995,0.99,0.995
36,RandomForestClassifier,under_sampler,RepeatedEditedNearestNeighbours,14,787,5,3,785,0.995,0.994,0.996,0.995,0.995,0.99,0.995
37,RandomForestClassifier,under_sampler,AllKNN,13,787,6,3,784,0.994,0.992,0.996,0.994,0.994,0.989,0.994
38,RandomForestClassifier,under_sampler,CondensedNearestNeighbour,14,786,5,4,785,0.994,0.994,0.995,0.994,0.994,0.989,0.994
39,RandomForestClassifier,under_sampler,OneSidedSelection,13,787,8,3,782,0.993,0.99,0.996,0.993,0.993,0.986,0.993
40,RandomForestClassifier,under_sampler,NeighbourhoodCleaningRule,14,786,6,4,784,0.994,0.992,0.995,0.994,0.994,0.987,0.994
41,RandomForestClassifier,under_sampler,InstanceHardnessThreshold,12,787,5,3,785,0.995,0.994,0.996,0.995,0.995,0.99,0.995
42,RandomForestClassifier,combine_sampler,SMOTEENN,12,787,6,3,784,0.994,0.992,0.996,0.994,0.994,0.989,0.994
43,RandomForestClassifier,combine_sampler,SMOTETomek,14,787,5,3,785,0.995,0.994,0.996,0.995,0.995,0.99,0.995
44,GaussianNB,None,None,None,765,6,25,22,0.962,0.992,0.968,0.98,0.877,0.589,0.98
45,GaussianNB,over_sampler,SMOTEN,1779,763,11,27,779,0.976,0.986,0.966,0.976,0.976,0.952,0.976
46,GaussianNB,over_sampler,KMeansSMOTE,0,765,6,25,22,0.962,0.992,0.968,0.98,0.877,0.589,0.98
47,GaussianNB,over_sampler,RandomOverSampler,0,754,29,36,761,0.959,0.963,0.954,0.959,0.959,0.918,0.959
48,GaussianNB,over_sampler,SMOTE,1,762,2,28,788,0.981,0.997,0.965,0.981,0.981,0.963,0.981
49,GaussianNB,over_sampler,BorderlineSMOTE,3,770,4,20,786,0.985,0.995,0.975,0.985,0.985,0.97,0.985
50,GaussianNB,over_sampler,ADASYN,3,754,10,36,781,0.971,0.987,0.954,0.97,0.971,0.942,0.971
51,GaussianNB,over_sampler,SMOTENC,49,758,7,32,783,0.975,0.991,0.959,0.975,0.975,0.951,0.975
52,GaussianNB,over_sampler,SVMSMOTE,13,782,49,8,741,0.964,0.941,0.99,0.965,0.964,0.929,0.965
53,GaussianNB,under_sampler,ClusterCentroids,12,782,47,8,743,0.965,0.943,0.99,0.966,0.965,0.932,0.966
54,GaussianNB,under_sampler,RandomUnderSampler,12,782,50,8,740,0.963,0.94,0.99,0.964,0.963,0.928,0.965
55,GaussianNB,under_sampler,NearMiss,14,787,37,3,753,0.975,0.955,0.996,0.975,0.975,0.95,0.975
56,GaussianNB,under_sampler,TomekLinks,13,784,47,6,743,0.966,0.943,0.992,0.967,0.966,0.934,0.968
57,GaussianNB,under_sampler,EditedNearestNeighbours,14,783,45,7,745,0.967,0.946,0.991,0.968,0.967,0.935,0.968
58,GaussianNB,under_sampler,RepeatedEditedNearestNeighbours,13,782,51,8,739,0.963,0.939,0.99,0.964,0.963,0.927,0.964
59,GaussianNB,under_sampler,AllKNN,13,782,44,8,746,0.967,0.947,0.99,0.968,0.967,0.935,0.968
60,GaussianNB,under_sampler,CondensedNearestNeighbour,13,781,26,9,764,0.978,0.968,0.989,0.978,0.978,0.956,0.978
61,GaussianNB,under_sampler,OneSidedSelection,14,785,39,5,751,0.972,0.953,0.994,0.973,0.972,0.945,0.973
62,GaussianNB,under_sampler,NeighbourhoodCleaningRule,13,782,42,8,748,0.968,0.949,0.99,0.969,0.968,0.938,0.969
63,GaussianNB,under_sampler,InstanceHardnessThreshold,14,782,49,8,741,0.964,0.941,0.99,0.965,0.964,0.929,0.965
64,GaussianNB,combine_sampler,SMOTEENN,13,782,41,8,749,0.969,0.95,0.99,0.97,0.969,0.939,0.97
65,GaussianNB,combine_sampler,SMOTETomek,14,782,49,8,741,0.964,0.941,0.99,0.965,0.964,0.929,0.965
66,KNeighborsClassifier,None,None,None,781,22,9,6,0.962,0.973,0.989,0.981,0.601,0.275,0.981
67,KNeighborsClassifier,over_sampler,SMOTEN,1784,773,11,17,779,0.982,0.986,0.978,0.982,0.982,0.965,0.982
68,KNeighborsClassifier,over_sampler,KMeansSMOTE,1,781,22,9,6,0.962,0.973,0.989,0.981,0.601,0.275,0.981
69,KNeighborsClassifier,over_sampler,RandomOverSampler,0,757,0,33,790,0.979,1.0,0.958,0.979,0.979,0.959,0.979
70,KNeighborsClassifier,over_sampler,SMOTE,1,738,12,52,778,0.959,0.984,0.934,0.958,0.959,0.92,0.959
71,KNeighborsClassifier,over_sampler,BorderlineSMOTE,3,759,6,31,784,0.977,0.992,0.961,0.976,0.977,0.954,0.976
72,KNeighborsClassifier,over_sampler,ADASYN,3,732,96,58,695,0.903,0.884,0.927,0.905,0.903,0.806,0.905
73,KNeighborsClassifier,over_sampler,SMOTENC,50,745,7,45,783,0.967,0.991,0.943,0.966,0.967,0.935,0.967
74,KNeighborsClassifier,over_sampler,SVMSMOTE,13,762,18,28,772,0.971,0.977,0.965,0.971,0.971,0.942,0.971
75,KNeighborsClassifier,under_sampler,ClusterCentroids,13,759,8,31,782,0.975,0.99,0.961,0.975,0.975,0.951,0.975
76,KNeighborsClassifier,under_sampler,RandomUnderSampler,13,763,11,27,779,0.976,0.986,0.966,0.976,0.976,0.952,0.976
77,KNeighborsClassifier,under_sampler,NearMiss,12,764,13,26,777,0.975,0.983,0.967,0.975,0.975,0.951,0.975
78,KNeighborsClassifier,under_sampler,TomekLinks,13,759,7,31,783,0.976,0.991,0.961,0.976,0.976,0.952,0.976
79,KNeighborsClassifier,under_sampler,EditedNearestNeighbours,13,759,7,31,783,0.976,0.991,0.961,0.976,0.976,0.952,0.976
80,KNeighborsClassifier,under_sampler,RepeatedEditedNearestNeighbours,14,760,12,30,778,0.973,0.984,0.962,0.973,0.973,0.947,0.973
81,KNeighborsClassifier,under_sampler,AllKNN,13,761,5,29,785,0.978,0.993,0.963,0.978,0.978,0.957,0.978
82,KNeighborsClassifier,under_sampler,CondensedNearestNeighbour,14,759,6,31,784,0.977,0.992,0.961,0.976,0.977,0.954,0.976
83,KNeighborsClassifier,under_sampler,OneSidedSelection,14,759,6,31,784,0.977,0.992,0.961,0.976,0.977,0.954,0.976
84,KNeighborsClassifier,under_sampler,NeighbourhoodCleaningRule,14,761,11,29,779,0.975,0.986,0.963,0.974,0.975,0.95,0.974
85,KNeighborsClassifier,under_sampler,InstanceHardnessThreshold,13,759,6,31,784,0.977,0.992,0.961,0.976,0.977,0.954,0.976
86,KNeighborsClassifier,combine_sampler,SMOTEENN,13,760,5,30,785,0.978,0.993,0.962,0.977,0.978,0.956,0.978
87,KNeighborsClassifier,combine_sampler,SMOTETomek,13,760,7,30,783,0.977,0.991,0.962,0.976,0.977,0.954,0.976
88,DecisionTreeClassifier,None,None,None,783,4,7,24,0.987,0.995,0.991,0.993,0.924,0.808,0.993
89,DecisionTreeClassifier,over_sampler,SMOTEN,1780,786,18,4,772,0.986,0.978,0.995,0.986,0.986,0.972,0.986
90,DecisionTreeClassifier,over_sampler,KMeansSMOTE,1,782,5,8,23,0.984,0.994,0.99,0.992,0.906,0.773,0.992
91,DecisionTreeClassifier,over_sampler,RandomOverSampler,1,785,0,5,790,0.997,1.0,0.994,0.997,0.997,0.994,0.997
92,DecisionTreeClassifier,over_sampler,SMOTE,2,785,6,5,784,0.993,0.992,0.994,0.993,0.993,0.986,0.993
93,DecisionTreeClassifier,over_sampler,BorderlineSMOTE,5,784,6,6,784,0.992,0.992,0.992,0.992,0.992,0.985,0.992
94,DecisionTreeClassifier,over_sampler,ADASYN,3,785,6,5,785,0.993,0.992,0.994,0.993,0.993,0.986,0.993
95,DecisionTreeClassifier,over_sampler,SMOTENC,50,785,6,5,784,0.993,0.992,0.994,0.993,0.993,0.986,0.993
96,DecisionTreeClassifier,over_sampler,SVMSMOTE,14,780,7,10,783,0.989,0.991,0.987,0.989,0.989,0.978,0.989
97,DecisionTreeClassifier,under_sampler,ClusterCentroids,14,782,6,8,784,0.991,0.992,0.99,0.991,0.991,0.982,0.991
98,DecisionTreeClassifier,under_sampler,RandomUnderSampler,14,781,7,9,783,0.99,0.991,0.989,0.99,0.99,0.98,0.99
99,DecisionTreeClassifier,under_sampler,NearMiss,15,783,7,7,783,0.991,0.991,0.991,0.991,0.991,0.982,0.991
100,DecisionTreeClassifier,under_sampler,TomekLinks,14,779,12,11,778,0.985,0.985,0.986,0.985,0.985,0.971,0.985
101,DecisionTreeClassifier,under_sampler,EditedNearestNeighbours,14,782,6,8,784,0.991,0.992,0.99,0.991,0.991,0.982,0.991
102,DecisionTreeClassifier,under_sampler,RepeatedEditedNearestNeighbours,14,781,6,9,784,0.991,0.992,0.989,0.99,0.991,0.981,0.99
103,DecisionTreeClassifier,under_sampler,AllKNN,13,780,7,10,783,0.989,0.991,0.987,0.989,0.989,0.978,0.989
104,DecisionTreeClassifier,under_sampler,CondensedNearestNeighbour,14,783,6,7,784,0.992,0.992,0.991,0.992,0.992,0.984,0.992
105,DecisionTreeClassifier,under_sampler,OneSidedSelection,13,782,6,8,784,0.991,0.992,0.99,0.991,0.991,0.982,0.991
106,DecisionTreeClassifier,under_sampler,NeighbourhoodCleaningRule,14,782,6,8,784,0.991,0.992,0.99,0.991,0.991,0.982,0.991
107,DecisionTreeClassifier,under_sampler,InstanceHardnessThreshold,13,784,8,6,782,0.991,0.99,0.992,0.991,0.991,0.982,0.991
108,DecisionTreeClassifier,combine_sampler,SMOTEENN,13,780,7,10,783,0.989,0.991,0.987,0.989,0.989,0.978,0.989
109,DecisionTreeClassifier,combine_sampler,SMOTETomek,13,784,6,6,784,0.992,0.992,0.992,0.992,0.992,0.985,0.992
110,LogisticRegression,None,None,None,789,11,1,17,0.985,0.986,0.999,0.992,0.803,0.751,0.992
111,LogisticRegression,over_sampler,SMOTEN,1763,780,13,10,777,0.985,0.984,0.987,0.985,0.985,0.971,0.985
112,LogisticRegression,over_sampler,KMeansSMOTE,1,789,11,1,17,0.985,0.986,0.999,0.992,0.803,0.751,0.992
113,LogisticRegression,over_sampler,RandomOverSampler,0,772,0,18,790,0.989,1.0,0.977,0.988,0.989,0.977,0.989
114,LogisticRegression,over_sampler,SMOTE,3,777,1,13,789,0.991,0.999,0.984,0.991,0.991,0.982,0.991
115,LogisticRegression,over_sampler,BorderlineSMOTE,3,778,6,12,784,0.989,0.992,0.985,0.989,0.989,0.977,0.989
116,LogisticRegression,over_sampler,ADASYN,3,775,19,15,772,0.978,0.976,0.981,0.979,0.978,0.957,0.979
117,LogisticRegression,over_sampler,SMOTENC,48,778,4,12,786,0.99,0.995,0.985,0.99,0.99,0.98,0.99
118,LogisticRegression,over_sampler,SVMSMOTE,13,781,6,9,784,0.991,0.992,0.989,0.99,0.991,0.981,0.99
119,LogisticRegression,under_sampler,ClusterCentroids,14,779,9,11,781,0.987,0.989,0.986,0.987,0.987,0.975,0.987
120,LogisticRegression,under_sampler,RandomUnderSampler,13,781,7,9,783,0.99,0.991,0.989,0.99,0.99,0.98,0.99
121,LogisticRegression,under_sampler,NearMiss,13,780,6,10,784,0.99,0.992,0.987,0.99,0.99,0.98,0.99
122,LogisticRegression,under_sampler,TomekLinks,13,782,5,8,785,0.992,0.994,0.99,0.992,0.992,0.984,0.992
123,LogisticRegression,under_sampler,EditedNearestNeighbours,13,780,8,10,782,0.989,0.99,0.987,0.989,0.989,0.977,0.989
124,LogisticRegression,under_sampler,RepeatedEditedNearestNeighbours,14,781,6,9,784,0.991,0.992,0.989,0.99,0.991,0.981,0.99
125,LogisticRegression,under_sampler,AllKNN,13,784,5,6,785,0.993,0.994,0.992,0.993,0.993,0.986,0.993
126,LogisticRegression,under_sampler,CondensedNearestNeighbour,14,777,6,13,784,0.988,0.992,0.984,0.988,0.988,0.976,0.988
127,LogisticRegression,under_sampler,OneSidedSelection,14,778,12,12,778,0.985,0.985,0.985,0.985,0.985,0.97,0.985
128,LogisticRegression,under_sampler,NeighbourhoodCleaningRule,13,783,8,7,782,0.991,0.99,0.991,0.991,0.991,0.981,0.991
129,LogisticRegression,under_sampler,InstanceHardnessThreshold,14,775,5,15,785,0.987,0.994,0.981,0.987,0.987,0.975,0.987
130,LogisticRegression,combine_sampler,SMOTEENN,14,777,6,13,784,0.988,0.992,0.984,0.988,0.988,0.976,0.988
131,LogisticRegression,combine_sampler,SMOTETomek,14,780,7,10,783,0.989,0.991,0.987,0.989,0.989,0.978,0.989
132,AdaBoostClassifier,None,None,None,785,6,5,22,0.987,0.992,0.994,0.993,0.89,0.793,0.993
133,AdaBoostClassifier,over_sampler,SMOTEN,1830,785,4,5,786,0.994,0.995,0.994,0.994,0.994,0.989,0.994
134,AdaBoostClassifier,over_sampler,KMeansSMOTE,0,785,6,5,22,0.987,0.992,0.994,0.993,0.89,0.793,0.993
135,AdaBoostClassifier,over_sampler,RandomOverSampler,0,785,0,5,790,0.997,1.0,0.994,0.997,0.997,0.994,0.997
136,AdaBoostClassifier,over_sampler,SMOTE,2,786,4,4,786,0.995,0.995,0.995,0.995,0.995,0.99,0.995
137,AdaBoostClassifier,over_sampler,BorderlineSMOTE,4,785,5,5,785,0.994,0.994,0.994,0.994,0.994,0.987,0.994
138,AdaBoostClassifier,over_sampler,ADASYN,3,786,4,4,787,0.995,0.995,0.995,0.995,0.995,0.99,0.995
139,AdaBoostClassifier,over_sampler,SMOTENC,51,785,4,5,786,0.994,0.995,0.994,0.994,0.994,0.989,0.994
140,AdaBoostClassifier,over_sampler,SVMSMOTE,13,784,5,6,785,0.993,0.994,0.992,0.993,0.993,0.986,0.993
141,AdaBoostClassifier,under_sampler,ClusterCentroids,14,785,4,5,786,0.994,0.995,0.994,0.994,0.994,0.989,0.994
142,AdaBoostClassifier,under_sampler,RandomUnderSampler,15,785,4,5,786,0.994,0.995,0.994,0.994,0.994,0.989,0.994
143,AdaBoostClassifier,under_sampler,NearMiss,13,784,4,6,786,0.994,0.995,0.992,0.994,0.994,0.987,0.994
144,AdaBoostClassifier,under_sampler,TomekLinks,13,782,4,8,786,0.992,0.995,0.99,0.992,0.992,0.985,0.992
145,AdaBoostClassifier,under_sampler,EditedNearestNeighbours,37,785,4,5,786,0.994,0.995,0.994,0.994,0.994,0.989,0.994
146,AdaBoostClassifier,under_sampler,RepeatedEditedNearestNeighbours,15,785,4,5,786,0.994,0.995,0.994,0.994,0.994,0.989,0.994
147,AdaBoostClassifier,under_sampler,AllKNN,16,785,4,5,786,0.994,0.995,0.994,0.994,0.994,0.989,0.994
148,AdaBoostClassifier,under_sampler,CondensedNearestNeighbour,13,786,4,4,786,0.995,0.995,0.995,0.995,0.995,0.99,0.995
149,AdaBoostClassifier,under_sampler,OneSidedSelection,14,786,4,4,786,0.995,0.995,0.995,0.995,0.995,0.99,0.995
150,AdaBoostClassifier,under_sampler,NeighbourhoodCleaningRule,13,786,4,4,786,0.995,0.995,0.995,0.995,0.995,0.99,0.995
151,AdaBoostClassifier,under_sampler,InstanceHardnessThreshold,13,784,4,6,786,0.994,0.995,0.992,0.994,0.994,0.987,0.994
152,AdaBoostClassifier,combine_sampler,SMOTEENN,14,785,4,5,786,0.994,0.995,0.994,0.994,0.994,0.989,0.994
153,AdaBoostClassifier,combine_sampler,SMOTETomek,13,784,4,6,786,0.994,0.995,0.992,0.994,0.994,0.987,0.994
