,model,unbalance_category,unbalance_method,balance_data_time,TP,FP,FN,TN,ACC,PRE,RECALL,F1,AUC,MCC,G_measure
0,SVC,None,None,None,2046,343,0,0,0.856,0.856,1.0,0.923,0.5,0.0,0.925
1,SVC,over_sampler,SMOTEN,4057,797,273,1249,1773,0.628,0.745,0.39,0.512,0.628,0.291,0.539
2,SVC,over_sampler,KMeansSMOTE,1,2046,343,0,0,0.856,0.856,1.0,0.923,0.5,0.0,0.925
3,SVC,over_sampler,RandomOverSampler,4,766,358,1280,1688,0.6,0.681,0.374,0.483,0.6,0.223,0.505
4,SVC,over_sampler,SMOTE,10,1284,878,762,1168,0.599,0.594,0.628,0.61,0.599,0.199,0.61
5,SVC,over_sampler,BorderlineSMOTE,32,648,284,1398,1762,0.589,0.695,0.317,0.435,0.589,0.212,0.469
6,SVC,over_sampler,ADASYN,30,666,362,1380,1662,0.572,0.648,0.326,0.433,0.573,0.169,0.459
7,SVC,over_sampler,SMOTENC,153,789,334,1257,1712,0.611,0.703,0.386,0.498,0.611,0.249,0.521
8,SVC,over_sampler,SVMSMOTE,214,1113,724,933,1322,0.595,0.606,0.544,0.573,0.595,0.191,0.574
9,SVC,under_sampler,ClusterCentroids,222,1507,1064,539,982,0.608,0.586,0.737,0.653,0.608,0.224,0.657
10,SVC,under_sampler,RandomUnderSampler,220,1554,858,492,1188,0.67,0.644,0.76,0.697,0.67,0.346,0.7
11,SVC,under_sampler,NearMiss,380,1178,757,868,1289,0.603,0.609,0.576,0.592,0.603,0.206,0.592
12,SVC,under_sampler,TomekLinks,214,1479,963,567,1083,0.626,0.606,0.723,0.659,0.626,0.257,0.662
13,SVC,under_sampler,EditedNearestNeighbours,219,1545,1023,501,1023,0.628,0.602,0.755,0.67,0.628,0.264,0.674
14,SVC,under_sampler,RepeatedEditedNearestNeighbours,222,1283,845,763,1201,0.607,0.603,0.627,0.615,0.607,0.214,0.615
15,SVC,under_sampler,AllKNN,212,811,332,1235,1714,0.617,0.71,0.396,0.509,0.617,0.261,0.53
16,SVC,under_sampler,CondensedNearestNeighbour,217,1463,987,583,1059,0.616,0.597,0.715,0.651,0.616,0.237,0.653
17,SVC,under_sampler,OneSidedSelection,228,1552,944,494,1102,0.649,0.622,0.759,0.683,0.649,0.305,0.687
18,SVC,under_sampler,NeighbourhoodCleaningRule,267,1552,941,494,1105,0.649,0.623,0.759,0.684,0.649,0.306,0.687
19,SVC,under_sampler,InstanceHardnessThreshold,232,1549,913,497,1133,0.655,0.629,0.757,0.687,0.655,0.317,0.69
20,SVC,combine_sampler,SMOTEENN,221,1549,1033,497,1013,0.626,0.6,0.757,0.669,0.626,0.261,0.674
21,SVC,combine_sampler,SMOTETomek,222,1184,753,862,1293,0.605,0.611,0.579,0.595,0.605,0.211,0.595
22,RandomForestClassifier,None,None,None,2028,42,18,301,0.975,0.98,0.991,0.985,0.934,0.896,0.985
23,RandomForestClassifier,over_sampler,SMOTEN,4120,2017,51,29,1995,0.98,0.975,0.986,0.981,0.98,0.961,0.981
24,RandomForestClassifier,over_sampler,KMeansSMOTE,1,2029,42,17,301,0.975,0.98,0.992,0.986,0.935,0.897,0.986
25,RandomForestClassifier,over_sampler,RandomOverSampler,3,2008,0,38,2046,0.991,1.0,0.981,0.991,0.991,0.982,0.991
26,RandomForestClassifier,over_sampler,SMOTE,8,2017,33,29,2013,0.985,0.984,0.986,0.985,0.985,0.97,0.985
27,RandomForestClassifier,over_sampler,BorderlineSMOTE,38,2019,30,27,2016,0.986,0.985,0.987,0.986,0.986,0.972,0.986
28,RandomForestClassifier,over_sampler,ADASYN,28,2019,26,27,1998,0.987,0.987,0.987,0.987,0.987,0.974,0.987
29,RandomForestClassifier,over_sampler,SMOTENC,156,2020,28,26,2018,0.987,0.986,0.987,0.987,0.987,0.974,0.987
30,RandomForestClassifier,over_sampler,SVMSMOTE,237,2017,33,29,2013,0.985,0.984,0.986,0.985,0.985,0.97,0.985
31,RandomForestClassifier,under_sampler,ClusterCentroids,215,2023,36,23,2010,0.986,0.983,0.989,0.986,0.986,0.971,0.986
32,RandomForestClassifier,under_sampler,RandomUnderSampler,230,2025,38,21,2008,0.986,0.982,0.99,0.986,0.986,0.971,0.986
33,RandomForestClassifier,under_sampler,NearMiss,220,2018,34,28,2012,0.985,0.983,0.986,0.985,0.985,0.97,0.985
34,RandomForestClassifier,under_sampler,TomekLinks,226,2021,34,25,2012,0.986,0.983,0.988,0.986,0.986,0.971,0.986
35,RandomForestClassifier,under_sampler,EditedNearestNeighbours,225,2026,41,20,2005,0.985,0.98,0.99,0.985,0.985,0.97,0.985
36,RandomForestClassifier,under_sampler,RepeatedEditedNearestNeighbours,227,2022,27,24,2019,0.988,0.987,0.988,0.988,0.988,0.975,0.988
37,RandomForestClassifier,under_sampler,AllKNN,229,2023,30,23,2016,0.987,0.985,0.989,0.987,0.987,0.974,0.987
38,RandomForestClassifier,under_sampler,CondensedNearestNeighbour,218,2018,35,28,2011,0.985,0.983,0.986,0.985,0.985,0.969,0.985
39,RandomForestClassifier,under_sampler,OneSidedSelection,224,2018,32,28,2014,0.985,0.984,0.986,0.985,0.985,0.971,0.985
40,RandomForestClassifier,under_sampler,NeighbourhoodCleaningRule,225,2019,37,27,2009,0.984,0.982,0.987,0.984,0.984,0.969,0.984
41,RandomForestClassifier,under_sampler,InstanceHardnessThreshold,222,2021,36,25,2010,0.985,0.982,0.988,0.985,0.985,0.97,0.985
42,RandomForestClassifier,combine_sampler,SMOTEENN,227,2021,28,25,2018,0.987,0.986,0.988,0.987,0.987,0.974,0.987
43,RandomForestClassifier,combine_sampler,SMOTETomek,222,2023,32,23,2014,0.987,0.984,0.989,0.987,0.987,0.973,0.987
44,GaussianNB,None,None,None,2028,210,18,133,0.905,0.906,0.991,0.947,0.689,0.546,0.948
45,GaussianNB,over_sampler,SMOTEN,3938,2018,541,28,1505,0.861,0.789,0.986,0.876,0.861,0.746,0.882
46,GaussianNB,over_sampler,KMeansSMOTE,1,2028,210,18,133,0.905,0.906,0.991,0.947,0.689,0.546,0.948
47,GaussianNB,over_sampler,RandomOverSampler,2,2024,1003,22,1043,0.75,0.669,0.989,0.798,0.75,0.569,0.813
48,GaussianNB,over_sampler,SMOTE,7,2016,672,30,1374,0.828,0.75,0.985,0.852,0.828,0.692,0.86
49,GaussianNB,over_sampler,BorderlineSMOTE,28,2030,750,16,1296,0.813,0.73,0.992,0.841,0.813,0.67,0.851
50,GaussianNB,over_sampler,ADASYN,29,2028,968,18,1056,0.758,0.677,0.991,0.804,0.756,0.582,0.819
51,GaussianNB,over_sampler,SMOTENC,158,2015,584,31,1462,0.85,0.775,0.985,0.868,0.85,0.726,0.874
52,GaussianNB,over_sampler,SVMSMOTE,230,2010,635,36,1411,0.836,0.76,0.982,0.857,0.836,0.703,0.864
53,GaussianNB,under_sampler,ClusterCentroids,226,2005,618,41,1428,0.839,0.764,0.98,0.859,0.839,0.707,0.865
54,GaussianNB,under_sampler,RandomUnderSampler,223,2017,778,29,1268,0.803,0.722,0.986,0.833,0.803,0.651,0.843
55,GaussianNB,under_sampler,NearMiss,221,2014,688,32,1358,0.824,0.745,0.984,0.848,0.824,0.684,0.857
56,GaussianNB,under_sampler,TomekLinks,226,2004,592,42,1454,0.845,0.772,0.979,0.863,0.845,0.717,0.87
57,GaussianNB,under_sampler,EditedNearestNeighbours,225,2010,603,36,1443,0.844,0.769,0.982,0.863,0.844,0.716,0.869
58,GaussianNB,under_sampler,RepeatedEditedNearestNeighbours,220,2014,679,32,1367,0.826,0.748,0.984,0.85,0.826,0.688,0.858
59,GaussianNB,under_sampler,AllKNN,223,2007,609,39,1437,0.842,0.767,0.981,0.861,0.842,0.711,0.868
60,GaussianNB,under_sampler,CondensedNearestNeighbour,228,1999,526,47,1520,0.86,0.792,0.977,0.875,0.86,0.741,0.879
61,GaussianNB,under_sampler,OneSidedSelection,223,2015,728,31,1318,0.815,0.735,0.985,0.842,0.815,0.669,0.851
62,GaussianNB,under_sampler,NeighbourhoodCleaningRule,220,2013,597,33,1449,0.846,0.771,0.984,0.865,0.846,0.72,0.871
63,GaussianNB,under_sampler,InstanceHardnessThreshold,220,2017,645,29,1401,0.835,0.758,0.986,0.857,0.835,0.703,0.864
64,GaussianNB,combine_sampler,SMOTEENN,218,2012,660,34,1386,0.83,0.753,0.983,0.853,0.83,0.694,0.861
65,GaussianNB,combine_sampler,SMOTETomek,221,2013,662,33,1384,0.83,0.753,0.984,0.853,0.83,0.694,0.86
66,KNeighborsClassifier,None,None,None,1965,165,81,178,0.897,0.923,0.96,0.941,0.74,0.541,0.941
67,KNeighborsClassifier,over_sampler,SMOTEN,3967,1904,110,142,1936,0.938,0.945,0.931,0.938,0.938,0.877,0.938
68,KNeighborsClassifier,over_sampler,KMeansSMOTE,2,1965,165,81,178,0.897,0.923,0.96,0.941,0.74,0.541,0.941
69,KNeighborsClassifier,over_sampler,RandomOverSampler,2,1754,30,292,2016,0.921,0.983,0.857,0.916,0.921,0.85,0.918
70,KNeighborsClassifier,over_sampler,SMOTE,9,1796,96,250,1950,0.915,0.949,0.878,0.912,0.915,0.833,0.913
71,KNeighborsClassifier,over_sampler,BorderlineSMOTE,30,1793,82,253,1964,0.918,0.956,0.876,0.915,0.918,0.839,0.915
72,KNeighborsClassifier,over_sampler,ADASYN,31,1734,227,312,1797,0.868,0.884,0.848,0.865,0.868,0.736,0.866
73,KNeighborsClassifier,over_sampler,SMOTENC,152,1814,139,232,1907,0.909,0.929,0.887,0.907,0.909,0.82,0.907
74,KNeighborsClassifier,over_sampler,SVMSMOTE,231,1831,102,215,1944,0.923,0.947,0.895,0.92,0.923,0.846,0.921
75,KNeighborsClassifier,under_sampler,ClusterCentroids,223,1829,90,217,1956,0.925,0.953,0.894,0.923,0.925,0.852,0.923
76,KNeighborsClassifier,under_sampler,RandomUnderSampler,220,1837,103,209,1943,0.924,0.947,0.898,0.922,0.924,0.849,0.922
77,KNeighborsClassifier,under_sampler,NearMiss,232,1830,100,216,1946,0.923,0.948,0.894,0.921,0.923,0.847,0.921
78,KNeighborsClassifier,under_sampler,TomekLinks,216,1823,105,223,1941,0.92,0.946,0.891,0.917,0.92,0.841,0.918
79,KNeighborsClassifier,under_sampler,EditedNearestNeighbours,229,1840,108,206,1938,0.923,0.945,0.899,0.921,0.923,0.848,0.922
80,KNeighborsClassifier,under_sampler,RepeatedEditedNearestNeighbours,220,1814,88,232,1958,0.922,0.954,0.887,0.919,0.922,0.846,0.92
81,KNeighborsClassifier,under_sampler,AllKNN,221,1833,123,213,1923,0.918,0.937,0.896,0.916,0.918,0.837,0.916
82,KNeighborsClassifier,under_sampler,CondensedNearestNeighbour,228,1872,147,174,1899,0.922,0.927,0.915,0.921,0.922,0.843,0.921
83,KNeighborsClassifier,under_sampler,OneSidedSelection,216,1835,106,211,1940,0.923,0.945,0.897,0.92,0.923,0.846,0.921
84,KNeighborsClassifier,under_sampler,NeighbourhoodCleaningRule,226,1842,115,204,1931,0.922,0.941,0.9,0.92,0.922,0.845,0.921
85,KNeighborsClassifier,under_sampler,InstanceHardnessThreshold,221,1829,89,217,1957,0.925,0.954,0.894,0.923,0.925,0.852,0.923
86,KNeighborsClassifier,combine_sampler,SMOTEENN,220,1829,106,217,1940,0.921,0.945,0.894,0.919,0.921,0.843,0.919
87,KNeighborsClassifier,combine_sampler,SMOTETomek,219,1833,111,213,1935,0.921,0.943,0.896,0.919,0.921,0.843,0.919
88,DecisionTreeClassifier,None,None,None,2018,39,28,304,0.972,0.981,0.986,0.984,0.936,0.885,0.984
89,DecisionTreeClassifier,over_sampler,SMOTEN,3952,2008,46,38,2000,0.979,0.978,0.981,0.98,0.979,0.959,0.98
90,DecisionTreeClassifier,over_sampler,KMeansSMOTE,0,2013,37,33,306,0.971,0.982,0.984,0.983,0.938,0.88,0.983
91,DecisionTreeClassifier,over_sampler,RandomOverSampler,3,2018,0,28,2046,0.993,1.0,0.986,0.993,0.993,0.986,0.993
92,DecisionTreeClassifier,over_sampler,SMOTE,10,2005,29,41,2017,0.983,0.986,0.98,0.983,0.983,0.966,0.983
93,DecisionTreeClassifier,over_sampler,BorderlineSMOTE,30,2013,40,33,2006,0.982,0.981,0.984,0.982,0.982,0.964,0.982
94,DecisionTreeClassifier,over_sampler,ADASYN,40,2014,39,32,1985,0.983,0.981,0.984,0.983,0.983,0.965,0.983
95,DecisionTreeClassifier,over_sampler,SMOTENC,150,2007,40,39,2006,0.981,0.98,0.981,0.981,0.981,0.961,0.981
96,DecisionTreeClassifier,over_sampler,SVMSMOTE,228,2012,44,34,2002,0.981,0.979,0.983,0.981,0.981,0.962,0.981
97,DecisionTreeClassifier,under_sampler,ClusterCentroids,228,2008,41,38,2005,0.981,0.98,0.981,0.981,0.981,0.961,0.981
98,DecisionTreeClassifier,under_sampler,RandomUnderSampler,234,2001,31,45,2015,0.981,0.985,0.978,0.981,0.981,0.963,0.981
99,DecisionTreeClassifier,under_sampler,NearMiss,219,2008,53,38,1993,0.978,0.974,0.981,0.978,0.978,0.956,0.978
100,DecisionTreeClassifier,under_sampler,TomekLinks,217,2015,39,31,2007,0.983,0.981,0.985,0.983,0.983,0.966,0.983
101,DecisionTreeClassifier,under_sampler,EditedNearestNeighbours,215,2012,44,34,2002,0.981,0.979,0.983,0.981,0.981,0.962,0.981
102,DecisionTreeClassifier,under_sampler,RepeatedEditedNearestNeighbours,231,2009,47,37,1999,0.979,0.977,0.982,0.98,0.979,0.959,0.98
103,DecisionTreeClassifier,under_sampler,AllKNN,219,2021,36,25,2010,0.985,0.982,0.988,0.985,0.985,0.97,0.985
104,DecisionTreeClassifier,under_sampler,CondensedNearestNeighbour,264,2005,33,41,2013,0.982,0.984,0.98,0.982,0.982,0.964,0.982
105,DecisionTreeClassifier,under_sampler,OneSidedSelection,286,2013,43,33,2003,0.981,0.979,0.984,0.981,0.981,0.963,0.981
106,DecisionTreeClassifier,under_sampler,NeighbourhoodCleaningRule,222,2008,48,38,1998,0.979,0.977,0.981,0.979,0.979,0.958,0.979
107,DecisionTreeClassifier,under_sampler,InstanceHardnessThreshold,219,2012,43,34,2003,0.981,0.979,0.983,0.981,0.981,0.962,0.981
108,DecisionTreeClassifier,combine_sampler,SMOTEENN,228,2015,46,31,2000,0.981,0.978,0.985,0.981,0.981,0.962,0.981
109,DecisionTreeClassifier,combine_sampler,SMOTETomek,267,2010,40,36,2006,0.981,0.98,0.982,0.981,0.981,0.963,0.981
110,LogisticRegression,None,None,None,2044,204,2,139,0.914,0.909,0.999,0.952,0.702,0.602,0.953
111,LogisticRegression,over_sampler,SMOTEN,4006,1920,121,126,1925,0.94,0.941,0.938,0.94,0.94,0.879,0.94
112,LogisticRegression,over_sampler,KMeansSMOTE,1,2044,204,2,139,0.914,0.909,0.999,0.952,0.702,0.602,0.953
113,LogisticRegression,over_sampler,RandomOverSampler,4,1925,182,121,1864,0.926,0.914,0.941,0.927,0.926,0.852,0.927
114,LogisticRegression,over_sampler,SMOTE,8,1930,93,116,1953,0.949,0.954,0.943,0.949,0.949,0.898,0.949
115,LogisticRegression,over_sampler,BorderlineSMOTE,29,1937,108,109,1938,0.947,0.947,0.947,0.947,0.947,0.894,0.947
116,LogisticRegression,over_sampler,ADASYN,28,1953,99,93,1925,0.953,0.952,0.955,0.953,0.953,0.906,0.953
117,LogisticRegression,over_sampler,SMOTENC,183,1944,92,102,1954,0.953,0.955,0.95,0.952,0.953,0.905,0.952
118,LogisticRegression,over_sampler,SVMSMOTE,215,1941,125,105,1921,0.944,0.939,0.949,0.944,0.944,0.888,0.944
119,LogisticRegression,under_sampler,ClusterCentroids,217,1966,121,80,1925,0.951,0.942,0.961,0.951,0.951,0.902,0.951
120,LogisticRegression,under_sampler,RandomUnderSampler,220,1968,119,78,1927,0.952,0.943,0.962,0.952,0.952,0.904,0.952
121,LogisticRegression,under_sampler,NearMiss,216,1936,138,110,1908,0.939,0.933,0.946,0.94,0.939,0.879,0.94
122,LogisticRegression,under_sampler,TomekLinks,219,1965,120,81,1926,0.951,0.942,0.96,0.951,0.951,0.902,0.951
123,LogisticRegression,under_sampler,EditedNearestNeighbours,216,1968,127,78,1919,0.95,0.939,0.962,0.95,0.95,0.9,0.951
124,LogisticRegression,under_sampler,RepeatedEditedNearestNeighbours,220,1961,110,85,1936,0.952,0.947,0.958,0.953,0.952,0.905,0.953
125,LogisticRegression,under_sampler,AllKNN,218,1940,140,106,1906,0.94,0.933,0.948,0.94,0.94,0.88,0.94
126,LogisticRegression,under_sampler,CondensedNearestNeighbour,253,1966,99,80,1947,0.956,0.952,0.961,0.956,0.956,0.913,0.956
127,LogisticRegression,under_sampler,OneSidedSelection,264,1941,170,105,1876,0.933,0.919,0.949,0.934,0.933,0.866,0.934
128,LogisticRegression,under_sampler,NeighbourhoodCleaningRule,218,1958,136,88,1910,0.945,0.935,0.957,0.946,0.945,0.891,0.946
129,LogisticRegression,under_sampler,InstanceHardnessThreshold,234,1934,133,112,1913,0.94,0.936,0.945,0.94,0.94,0.88,0.94
130,LogisticRegression,combine_sampler,SMOTEENN,230,1936,159,110,1887,0.934,0.924,0.946,0.935,0.934,0.869,0.935
131,LogisticRegression,combine_sampler,SMOTETomek,238,1934,128,112,1918,0.941,0.938,0.945,0.942,0.941,0.883,0.942
132,AdaBoostClassifier,None,None,None,2018,47,28,296,0.969,0.977,0.986,0.982,0.925,0.87,0.982
133,AdaBoostClassifier,over_sampler,SMOTEN,3942,1997,48,49,1998,0.976,0.977,0.976,0.976,0.976,0.953,0.976
134,AdaBoostClassifier,over_sampler,KMeansSMOTE,2,2018,47,28,296,0.969,0.977,0.986,0.982,0.925,0.87,0.982
135,AdaBoostClassifier,over_sampler,RandomOverSampler,3,1983,17,63,2029,0.98,0.992,0.969,0.98,0.98,0.961,0.98
136,AdaBoostClassifier,over_sampler,SMOTE,8,2009,37,37,2009,0.982,0.982,0.982,0.982,0.982,0.964,0.982
137,AdaBoostClassifier,over_sampler,BorderlineSMOTE,30,2009,37,37,2009,0.982,0.982,0.982,0.982,0.982,0.964,0.982
138,AdaBoostClassifier,over_sampler,ADASYN,33,2001,44,45,1980,0.978,0.978,0.978,0.978,0.978,0.956,0.978
139,AdaBoostClassifier,over_sampler,SMOTENC,155,2004,31,42,2015,0.982,0.985,0.979,0.982,0.982,0.964,0.982
140,AdaBoostClassifier,over_sampler,SVMSMOTE,235,2005,41,41,2005,0.98,0.98,0.98,0.98,0.98,0.96,0.98
141,AdaBoostClassifier,under_sampler,ClusterCentroids,219,2005,46,41,2000,0.979,0.978,0.98,0.979,0.979,0.957,0.979
142,AdaBoostClassifier,under_sampler,RandomUnderSampler,297,2010,40,36,2006,0.981,0.98,0.982,0.981,0.981,0.963,0.981
143,AdaBoostClassifier,under_sampler,NearMiss,228,2005,29,41,2017,0.983,0.986,0.98,0.983,0.983,0.966,0.983
144,AdaBoostClassifier,under_sampler,TomekLinks,220,2005,38,41,2008,0.981,0.981,0.98,0.981,0.981,0.961,0.981
145,AdaBoostClassifier,under_sampler,EditedNearestNeighbours,222,2013,46,33,2000,0.981,0.978,0.984,0.981,0.981,0.961,0.981
146,AdaBoostClassifier,under_sampler,RepeatedEditedNearestNeighbours,225,2007,36,39,2010,0.982,0.982,0.981,0.982,0.982,0.963,0.982
147,AdaBoostClassifier,under_sampler,AllKNN,243,2011,43,35,2003,0.981,0.979,0.983,0.981,0.981,0.962,0.981
148,AdaBoostClassifier,under_sampler,CondensedNearestNeighbour,219,2003,43,43,2003,0.979,0.979,0.979,0.979,0.979,0.958,0.979
149,AdaBoostClassifier,under_sampler,OneSidedSelection,219,2006,40,40,2006,0.98,0.98,0.98,0.98,0.98,0.961,0.98
150,AdaBoostClassifier,under_sampler,NeighbourhoodCleaningRule,222,2011,39,35,2007,0.982,0.981,0.983,0.982,0.982,0.964,0.982
151,AdaBoostClassifier,under_sampler,InstanceHardnessThreshold,225,2007,44,39,2002,0.98,0.979,0.981,0.98,0.98,0.959,0.98
152,AdaBoostClassifier,combine_sampler,SMOTEENN,217,2008,46,38,2000,0.979,0.978,0.981,0.98,0.979,0.959,0.98
153,AdaBoostClassifier,combine_sampler,SMOTETomek,218,2007,39,39,2007,0.981,0.981,0.981,0.981,0.981,0.962,0.981
